{"RuleTriggered": 1, "Violations": 1, "Details": {"algo-1": {"cpu": {"p25": 33.84, "p50": 39.6875, "p75": 66.22999999999999, "p95": 83.11849999999998, "upper": 98.49000000000001, "lower": 2.04}, "gpu0": {"p25": 0.0, "p50": 0.0, "p75": 0.0, "p95": 21.0, "upper": 0.0, "lower": 0.0}, "gpu0_memory": {"p25": 0.0, "p50": 0.0, "p75": 0.0, "p95": 10.0, "upper": 0.0, "lower": 0.0}}, "last_timestamp": 1676070060000000}, "Datapoints": 1187, "RuleParameters": "cpu_threshold_p95:70\ngpu_threshold_p95:70\ngpu_memory_threshold_p95:70\npatience:1000\nwindow:500"}