{"RuleTriggered": 0, "Violations": 0, "Details": {"pin_memory": false, "num_workers": 0, "cores": 4, "dataloaders": 1, "dataloading_time": {"p25": 3.464083, "p50": 3.464083, "p95": 3.464083, "probs": [0, 0, 0, 0, 0, 0, 0, 0, 0, 0, 0, 0, 0, 0, 0, 0, 0, 0, 0, 0, 0, 0, 0, 0, 0, 0, 0, 0, 0, 0, 0, 0, 0, 0, 0, 0, 0, 0, 0, 0, 0, 0, 0, 0, 0, 0, 0, 0, 0, 0, 1, 0, 0, 0, 0, 0, 0, 0, 0, 0, 0, 0, 0, 0, 0, 0, 0, 0, 0, 0, 0, 0, 0, 0, 0, 0, 0, 0, 0, 0, 0, 0, 0, 0, 0, 0, 0, 0, 0, 0, 0, 0, 0, 0, 0, 0, 0, 0, 0, 0], "binedges": [2.964083, 2.974083, 2.984083, 2.994083, 3.004083, 3.014083, 3.024083, 3.034083, 3.044083, 3.054083, 3.064083, 3.074083, 3.084083, 3.094083, 3.104083, 3.114083, 3.124083, 3.134083, 3.144083, 3.154083, 3.164083, 3.174083, 3.184083, 3.194083, 3.204083, 3.214083, 3.2240830000000003, 3.234083, 3.244083, 3.254083, 3.264083, 3.274083, 3.284083, 3.294083, 3.304083, 3.314083, 3.324083, 3.334083, 3.344083, 3.354083, 3.364083, 3.374083, 3.384083, 3.394083, 3.404083, 3.414083, 3.424083, 3.434083, 3.444083, 3.454083, 3.464083, 3.4740830000000003, 3.484083, 3.494083, 3.504083, 3.5140830000000003, 3.524083, 3.534083, 3.544083, 3.554083, 3.564083, 3.574083, 3.584083, 3.594083, 3.604083, 3.614083, 3.624083, 3.634083, 3.644083, 3.654083, 3.664083, 3.674083, 3.684083, 3.694083, 3.704083, 3.714083, 3.7240830000000003, 3.734083, 3.744083, 3.754083, 3.7640830000000003, 3.774083, 3.784083, 3.794083, 3.804083, 3.814083, 3.824083, 3.834083, 3.844083, 3.854083, 3.864083, 3.874083, 3.884083, 3.894083, 3.904083, 3.914083, 3.924083, 3.934083, 3.944083, 3.954083, 3.964083]}}, "Datapoints": 1, "RuleParameters": "min_threshold:70\nmax_threshold:200"}