{"RuleTriggered": 26, "Violations": 26, "Details": {"algo-1": {"gpu0": {"increase": 6.055555555555555, "gpu_max": 89.0, "p05": 0.0, "p25": 0.0, "p50": 0.0, "p75": 0.0, "p95": 20.399999999999864, "upper": 0.0, "lower": 0.0}}, "last_timestamp": 1676070600000000}, "Datapoints": 1188, "RuleParameters": "increase:5\npatience:1000\nwindow:10"}