{"RuleTriggered": 0, "Violations": 62, "Details": {"low_gpu_utilization": 1106, "bottlenecks": {"1676070071.500305": {"GPUs": 1, "CPUs": 1}, "1676070119.500267": {"GPUs": 1, "CPUs": 1}, "1676070126.500273": {"GPUs": 1, "CPUs": 1}, "1676070127.000263": {"GPUs": 1, "CPUs": 1}, "1676070127.500292": {"GPUs": 1, "CPUs": 1}, "1676070129.500269": {"GPUs": 1, "CPUs": 1}, "1676070132.500314": {"GPUs": 1, "CPUs": 1}, "1676070133.000283": {"GPUs": 1, "CPUs": 1}, "1676070133.500262": {"GPUs": 1, "CPUs": 1}, "1676070135.500265": {"GPUs": 1, "CPUs": 1}, "1676070136.50027": {"GPUs": 1, "CPUs": 1}, "1676070137.000269": {"GPUs": 1, "CPUs": 1}, "1676070137.500268": {"GPUs": 1, "CPUs": 1}, "1676070140.000275": {"GPUs": 1, "CPUs": 1}, "1676070141.500285": {"GPUs": 1, "CPUs": 1}, "1676070151.000295": {"GPUs": 1, "CPUs": 1}, "1676070152.000276": {"GPUs": 1, "CPUs": 1}, "1676070152.500288": {"GPUs": 1, "CPUs": 1}, "1676070154.000296": {"GPUs": 1, "CPUs": 1}, "1676070155.500278": {"GPUs": 1, "CPUs": 1}, "1676070156.500268": {"GPUs": 1, "CPUs": 1}, "1676070157.000269": {"GPUs": 1, "CPUs": 1}, "1676070157.500389": {"GPUs": 1, "CPUs": 1}, "1676070158.000289": {"GPUs": 1, "CPUs": 1}, "1676070158.500266": {"GPUs": 1, "CPUs": 1}, "1676070159.500288": {"GPUs": 1, "CPUs": 1}, "1676070160.000263": {"GPUs": 1, "CPUs": 1}, "1676070160.500267": {"GPUs": 1, "CPUs": 1}, "1676070161.000283": {"GPUs": 1, "CPUs": 1}, "1676070162.500292": {"GPUs": 1, "CPUs": 1}, "1676070305.000269": {"GPUs": 1, "CPUs": 1}, "1676070306.000267": {"GPUs": 1, "CPUs": 2}, "1676070315.500299": {"GPUs": 1, "CPUs": 1}, "1676070316.000268": {"GPUs": 1, "CPUs": 1}, "1676070317.500283": {"GPUs": 1, "CPUs": 1}, "1676070318.000272": {"GPUs": 1, "CPUs": 1}, "1676070318.500264": {"GPUs": 1, "CPUs": 1}, "1676070319.500268": {"GPUs": 1, "CPUs": 1}, "1676070320.000295": {"GPUs": 1, "CPUs": 1}, "1676070320.500298": {"GPUs": 1, "CPUs": 1}, "1676070322.500291": {"GPUs": 1, "CPUs": 1}, "1676070323.000267": {"GPUs": 1, "CPUs": 1}, "1676070329.500283": {"GPUs": 1, "CPUs": 1}, "1676070337.000279": {"GPUs": 1, "CPUs": 1}, "1676070338.000293": {"GPUs": 1, "CPUs": 1}, "1676070341.000267": {"GPUs": 1, "CPUs": 1}, "1676070352.00028": {"GPUs": 1, "CPUs": 1}, "1676070352.500284": {"GPUs": 1, "CPUs": 1}, "1676070353.000267": {"GPUs": 1, "CPUs": 1}, "1676070353.500273": {"GPUs": 1, "CPUs": 1}, "1676070354.000284": {"GPUs": 1, "CPUs": 2}, "1676070354.500251": {"GPUs": 1, "CPUs": 1}, "1676070357.000276": {"GPUs": 1, "CPUs": 1}, "1676070357.500302": {"GPUs": 1, "CPUs": 1}, "1676070451.500266": {"GPUs": 1, "CPUs": 1}, "1676070452.000269": {"GPUs": 1, "CPUs": 1}, "1676070452.500283": {"GPUs": 1, "CPUs": 1}, "1676070453.000277": {"GPUs": 1, "CPUs": 1}, "1676070453.500274": {"GPUs": 1, "CPUs": 1}, "1676070454.000281": {"GPUs": 1, "CPUs": 1}, "1676070454.500294": {"GPUs": 1, "CPUs": 1}, "1676070455.000273": {"GPUs": 1, "CPUs": 1}}}, "Datapoints": 1191, "RuleParameters": "threshold:50\nio_threshold:50\ngpu_threshold:10\npatience:1000"}