{"RuleTriggered": 2, "Violations": 2, "Details": {"algo-1": {"gpu0": {"gpu_max": 99.0, "gpu_95": 72.09999999999991, "gpu_5": 0.0, "p25": 0.0, "p50": 0.0, "p75": 0.0, "p95": 24.649999999999864, "upper": 0.0, "lower": 0.0}}, "last_timestamp": 1676070600000000}, "Datapoints": 1188, "RuleParameters": "threshold_p95:70\nthreshold_p5:10\nwindow:500\npatience:1000"}