{"RuleTriggered": 0, "Violations": 0, "Details": {"step_num": {"first": 1676070334304316, "last": 1676070652091508}, "job_start": 1676070066.000237, "job_end": 1676070659.500499}, "Datapoints": 97, "RuleParameters": "threshold:20"}