{"RuleTriggered": 0, "Violations": 0, "Details": {"ratio": {"gpu_functions-dev:0": 50.212376893227464, "cpu_functions": 49.787623106772536}, "phase": {"Step:ModeKeys.TRAIN": 13.562282048159277, "others": 80.26825213726498, "Step:ModeKeys.EVAL": 6.1694658145757355}, "phase_time": {}, "CPU": {"aten::conv2d": 19.444987374293905, "aten::convolution": 19.443745567357155, "aten::_convolution": 19.44319785022916, "aten::cudnn_convolution": 19.442251149503615, "aten::to": 4.566683627797787, "aten::copy_": 4.605717916566203, "aten::linear": 2.859685424805745, "aten::addmm": 2.85959335166785, "enumerate(DataLoader)#_SingleProcessDataLoaderIter.__next__": 7.334137737778584}, "CPU_total": {"aten::conv2d": 8236436, "aten::convolution": 8235910, "aten::_convolution": 8235678, "aten::cudnn_convolution": 8235277, "aten::to": 1934339, "aten::copy_": 1950873, "aten::linear": 1211295, "aten::addmm": 1211256, "enumerate(DataLoader)#_SingleProcessDataLoaderIter.__next__": 3106567}, "GPU": {"aten::conv2d": 19.594208488172963, "aten::convolution": 19.59356302151066, "aten::_convolution": 19.593138187089284, "aten::cudnn_convolution": 19.592438735942498, "aten::to": 4.303887206789726, "aten::copy_": 4.344725295725832, "aten::linear": 2.8431703313290693, "aten::addmm": 2.8430811395720963, "enumerate(DataLoader)#_SingleProcessDataLoaderIter.__next__": 7.291787593867868}, "GPU_total": {"aten::conv2d": 8348080, "aten::convolution": 8347805, "aten::_convolution": 8347624, "aten::cudnn_convolution": 8347326, "aten::to": 1833664, "aten::copy_": 1851063, "aten::linear": 1211328, "aten::addmm": 1211290, "enumerate(DataLoader)#_SingleProcessDataLoaderIter.__next__": 3106654}, "general": {"DataLoaderIterInitialize": 0.0030194419084856755, "DataLoaderIter": 9.44006984176244, "Forward": 90.55691071632907}}, "Datapoints": 0, "RuleParameters": ""}